kind	path_or_target	sha256_or_value
compiler	ick_revision	c61e448251744a2f40ad743ebef1a027bdcd2f9d
shared	ai_ci_revision	903b2cb27ea572c9c6cb2ffa9f39e0fbf06ec9f8
ndk	revision	29.0.14206865
api	minimum	26
source	app/src/main/cpp/dance.c	a1b4b2ac203b8dcc9c6b391dcdc2d894e478cb3538e6085c9332b2a87a2d3ded
source	app/src/main/cpp/polynomial.c	376ef87fa36ff92de4b246bc0b865832ffca04b285da082e63dac8524680167b
source	app/src/main/cpp/polynomial.h	d94aa7af468ddbe7e70467f89c3d9fcf5b4baefb0aac975fc6ee65eb0b26ff45
source	tests/polynomial_test.c	e7c0c2a0857e2368e9d1ffdb16bb29bfea9a32aa45dac1775ab9535c047eba51
library	build/ick-local-arm64-v8a/libcoefficient_root_dance.so	a25d997779a0ecbd3fdfe36de30927f09786b90f820bda01e3722650a68b797d
library	build/ick-local-x86_64/libcoefficient_root_dance.so	45b6fce36eca815dd5c15871802daf02038f3d0d26e917cc8eac03cf2b38b1c0
validation	local_native_compile_assembly_link	PASS
validation	hosted_exact_head_APK	PENDING
validation	physical_device_acceptance	NOT_RUN
